<?xml version="1.0" encoding="UTF-8"?>
<entries>
    <healthentry>
        <type>5</type>
        <level></level>
        <value>190</value>
        <value2></value2>
        <last_time></last_time>
        <begin_time>2015-12-06 23:59:00</begin_time>
        <end_time></end_time>
        <description></description>
    </healthentry>
    <healthentry>
        <type>6</type>
        <level></level>
        <value>70</value>
        <value2></value2>
        <last_time></last_time>
        <begin_time>2015-12-06 23:59:00</begin_time>
        <end_time></end_time>
        <description></description>
    </healthentry>
    <healthentry>
        <type>2</type>
        <level></level>
        <value>90</value>
        <value2>140</value2>
        <last_time></last_time>
        <begin_time>2015-12-06 23:59:00</begin_time>
        <end_time></end_time>
        <description></description>
    </healthentry>
    <healthentry>
        <type>3</type>
        <level></level>
        <value>70</value>
        <value2></value2>
        <last_time></last_time>
        <begin_time>2015-12-06 23:59:00</begin_time>
        <end_time></end_time>
        <description></description>
    </healthentry>
</entries>